task_description,priority
Refactor old code,low
Optimize database queries,high
Update documentation,low
Optimize database queries,high
Optimize database queries,high
Write unit tests for API,high
Optimize database queries,high
Implement new API endpoint,high
Refactor old code,low
Update documentation,low
Fix login bug on website,high
Write unit tests for API,high
Optimize database queries,high
Optimize database queries,high
Fix login bug on website,high
Update documentation,low
Clean up temporary files,low
Update user profile page,low
Implement new API endpoint,high
Update user profile page,low
Refactor old code,low
Fix login bug on website,high
Update user profile page,low
Update documentation,low
Fix login bug on website,high
Fix login bug on website,high
Refactor old code,low
Update user profile page,low
Update documentation,low
Write unit tests for API,high
Update user profile page,low
Update documentation,low
Clean up temporary files,low
Implement new API endpoint,high
Fix login bug on website,high
Refactor old code,low
Implement new API endpoint,high
Write unit tests for API,high
Clean up temporary files,low
Update documentation,low
Clean up temporary files,low
Update user profile page,low
Fix login bug on website,high
Update documentation,low
Update documentation,low
Fix login bug on website,high
Update documentation,low
Fix login bug on website,high
Fix login bug on website,high
Refactor old code,low
Fix login bug on website,high
Update documentation,low
Implement new API endpoint,high
Refactor old code,low
Refactor old code,low
Refactor old code,low
Implement new API endpoint,high
Update user profile page,low
Refactor old code,low
Update documentation,low
Implement new API endpoint,high
Update user profile page,low
Optimize database queries,high
Clean up temporary files,low
Optimize database queries,high
Update user profile page,low
Update documentation,low
Update documentation,low
Clean up temporary files,low
Optimize database queries,high
Clean up temporary files,low
Clean up temporary files,low
Update user profile page,low
Update user profile page,low
Refactor old code,low
Clean up temporary files,low
Write unit tests for API,high
Fix login bug on website,high
Optimize database queries,high
Write unit tests for API,high
Refactor old code,low
Optimize database queries,high
Implement new API endpoint,high
Update documentation,low
Write unit tests for API,high
Update documentation,low
Optimize database queries,high
Fix login bug on website,high
Optimize database queries,high
Update user profile page,low
Fix login bug on website,high
Write unit tests for API,high
Write unit tests for API,high
Fix login bug on website,high
Clean up temporary files,low
Write unit tests for API,high
Update user profile page,low
Implement new API endpoint,high
Update user profile page,low
Fix login bug on website,high
Clean up temporary files,low
Update user profile page,low
Refactor old code,low
Write unit tests for API,high
Optimize database queries,high
Update documentation,low
Refactor old code,low
Implement new API endpoint,high
Clean up temporary files,low
Implement new API endpoint,high
Implement new API endpoint,high
Optimize database queries,high
Update user profile page,low
Implement new API endpoint,high
Clean up temporary files,low
Implement new API endpoint,high
Write unit tests for API,high
Write unit tests for API,high
Clean up temporary files,low
Optimize database queries,high
Update user profile page,low
Implement new API endpoint,high
Optimize database queries,high
Refactor old code,low
Write unit tests for API,high
Update user profile page,low
Write unit tests for API,high
Refactor old code,low
Update user profile page,low
Update documentation,low
Refactor old code,low
Update user profile page,low
Clean up temporary files,low
Update user profile page,low
Write unit tests for API,high
Fix login bug on website,high
Refactor old code,low
Fix login bug on website,high
Update documentation,low
Implement new API endpoint,high
Implement new API endpoint,high
Update documentation,low
Implement new API endpoint,high
Clean up temporary files,low
Fix login bug on website,high
Update user profile page,low
Update documentation,low
Optimize database queries,high
Implement new API endpoint,high
Optimize database queries,high
Fix login bug on website,high
Implement new API endpoint,high
Optimize database queries,high
Write unit tests for API,high
Optimize database queries,high
Write unit tests for API,high
Implement new API endpoint,high
Fix login bug on website,high
Implement new API endpoint,high
Refactor old code,low
Optimize database queries,high
Update user profile page,low
Clean up temporary files,low
Fix login bug on website,high
Update user profile page,low
Update user profile page,low
Write unit tests for API,high
Update user profile page,low
Update user profile page,low
Implement new API endpoint,high
Optimize database queries,high
Fix login bug on website,high
Update user profile page,low
Optimize database queries,high
Fix login bug on website,high
Update user profile page,low
Optimize database queries,high
Write unit tests for API,high
Optimize database queries,high
Write unit tests for API,high
Update user profile page,low
Refactor old code,low
Refactor old code,low
Refactor old code,low
Implement new API endpoint,high
Clean up temporary files,low
Implement new API endpoint,high
Update user profile page,low
Write unit tests for API,high
Update user profile page,low
Fix login bug on website,high
Update user profile page,low
Write unit tests for API,high
Refactor old code,low
Fix login bug on website,high
Implement new API endpoint,high
Implement new API endpoint,high
Optimize database queries,high
Update user profile page,low
Refactor old code,low
Update user profile page,low
Update documentation,low
Write unit tests for API,high
Optimize database queries,high
Fix login bug on website,high
Clean up temporary files,low
Clean up temporary files,low
Write unit tests for API,high
Fix login bug on website,high
Refactor old code,low
Clean up temporary files,low
Implement new API endpoint,high
Clean up temporary files,low
Fix login bug on website,high
Write unit tests for API,high
Update user profile page,low
Fix login bug on website,high
Refactor old code,low
Write unit tests for API,high
Update user profile page,low
Update documentation,low
Implement new API endpoint,high
Write unit tests for API,high
Write unit tests for API,high
Fix login bug on website,high
Update documentation,low
Update documentation,low
Update user profile page,low
Implement new API endpoint,high
Write unit tests for API,high
Update user profile page,low
Write unit tests for API,high
Update documentation,low
Refactor old code,low
Update user profile page,low
Update documentation,low
Update user profile page,low
Implement new API endpoint,high
Optimize database queries,high
Implement new API endpoint,high
Optimize database queries,high
Update user profile page,low
Implement new API endpoint,high
Refactor old code,low
Clean up temporary files,low
Implement new API endpoint,high
Write unit tests for API,high
Clean up temporary files,low
Implement new API endpoint,high
Update user profile page,low
Clean up temporary files,low
Optimize database queries,high
Clean up temporary files,low
Implement new API endpoint,high
Optimize database queries,high
Clean up temporary files,low
Write unit tests for API,high
Update user profile page,low
Refactor old code,low
Fix login bug on website,high
Optimize database queries,high
Update documentation,low
Optimize database queries,high
Update documentation,low
Clean up temporary files,low
Clean up temporary files,low
Clean up temporary files,low
Clean up temporary files,low
Refactor old code,low
Optimize database queries,high
Write unit tests for API,high
Refactor old code,low
Optimize database queries,high
Implement new API endpoint,high
Update documentation,low
Fix login bug on website,high
Clean up temporary files,low
Clean up temporary files,low
Clean up temporary files,low
Update user profile page,low
Fix login bug on website,high
Clean up temporary files,low
Update documentation,low
Implement new API endpoint,high
Optimize database queries,high
Write unit tests for API,high
Write unit tests for API,high
Optimize database queries,high
Fix login bug on website,high
Fix login bug on website,high
Clean up temporary files,low
Update user profile page,low
Write unit tests for API,high
Refactor old code,low
Write unit tests for API,high
Write unit tests for API,high
Refactor old code,low
Implement new API endpoint,high
Fix login bug on website,high
Write unit tests for API,high
Update documentation,low
Refactor old code,low
Fix login bug on website,high
Implement new API endpoint,high
Optimize database queries,high
Refactor old code,low
Optimize database queries,high
Refactor old code,low
Optimize database queries,high
Implement new API endpoint,high
Clean up temporary files,low
Optimize database queries,high
Refactor old code,low
Refactor old code,low
Fix login bug on website,high
Clean up temporary files,low
Update user profile page,low
Implement new API endpoint,high
Write unit tests for API,high
Clean up temporary files,low
Refactor old code,low
Fix login bug on website,high
Write unit tests for API,high
Clean up temporary files,low
Refactor old code,low
Update user profile page,low
Update user profile page,low
Update documentation,low
Write unit tests for API,high
Implement new API endpoint,high
Optimize database queries,high
Fix login bug on website,high
Fix login bug on website,high
Fix login bug on website,high
Refactor old code,low
Implement new API endpoint,high
Refactor old code,low
Write unit tests for API,high
Optimize database queries,high
Clean up temporary files,low
Update user profile page,low
Write unit tests for API,high
Clean up temporary files,low
Optimize database queries,high
Update documentation,low
Refactor old code,low
Write unit tests for API,high
Fix login bug on website,high
Write unit tests for API,high
Update user profile page,low
Implement new API endpoint,high
Implement new API endpoint,high
Implement new API endpoint,high
Fix login bug on website,high
Update documentation,low
Clean up temporary files,low
Fix login bug on website,high
Refactor old code,low
Fix login bug on website,high
Refactor old code,low
Refactor old code,low
Write unit tests for API,high
Optimize database queries,high
Update documentation,low
Implement new API endpoint,high
Update documentation,low
Refactor old code,low
Fix login bug on website,high
Update user profile page,low
Fix login bug on website,high
Refactor old code,low
Update documentation,low
Update documentation,low
Implement new API endpoint,high
Refactor old code,low
Update documentation,low
Implement new API endpoint,high
Update documentation,low
Update documentation,low
Update documentation,low
Refactor old code,low
Optimize database queries,high
Implement new API endpoint,high
Write unit tests for API,high
Implement new API endpoint,high
Refactor old code,low
Refactor old code,low
Optimize database queries,high
Write unit tests for API,high
Clean up temporary files,low
Implement new API endpoint,high
Fix login bug on website,high
Refactor old code,low
Update documentation,low
Update documentation,low
Update documentation,low
Optimize database queries,high
Refactor old code,low
Clean up temporary files,low
Write unit tests for API,high
Write unit tests for API,high
Update user profile page,low
Fix login bug on website,high
Clean up temporary files,low
Update documentation,low
Fix login bug on website,high
Update documentation,low
Update documentation,low
Implement new API endpoint,high
Update user profile page,low
Clean up temporary files,low
Refactor old code,low
Refactor old code,low
Fix login bug on website,high
Optimize database queries,high
Write unit tests for API,high
Write unit tests for API,high
Write unit tests for API,high
Write unit tests for API,high
Implement new API endpoint,high
Write unit tests for API,high
Update user profile page,low
Implement new API endpoint,high
Update documentation,low
Update user profile page,low
Update user profile page,low
Write unit tests for API,high
Optimize database queries,high
Refactor old code,low
Fix login bug on website,high
Fix login bug on website,high
Fix login bug on website,high
Clean up temporary files,low
Update documentation,low
Write unit tests for API,high
Optimize database queries,high
Optimize database queries,high
Write unit tests for API,high
Optimize database queries,high
Clean up temporary files,low
Write unit tests for API,high
Implement new API endpoint,high
Optimize database queries,high
Optimize database queries,high
Write unit tests for API,high
Fix login bug on website,high
Write unit tests for API,high
Optimize database queries,high
Update user profile page,low
Clean up temporary files,low
Update documentation,low
Write unit tests for API,high
Fix login bug on website,high
Update user profile page,low
Optimize database queries,high
Update user profile page,low
Refactor old code,low
Fix login bug on website,high
Refactor old code,low
Refactor old code,low
Optimize database queries,high
Fix login bug on website,high
Refactor old code,low
Implement new API endpoint,high
Optimize database queries,high
Refactor old code,low
Update user profile page,low
Refactor old code,low
Update documentation,low
Refactor old code,low
Update documentation,low
Update user profile page,low
Update user profile page,low
Fix login bug on website,high
Fix login bug on website,high
Refactor old code,low
Fix login bug on website,high
Optimize database queries,high
Write unit tests for API,high
Clean up temporary files,low
Optimize database queries,high
Write unit tests for API,high
Optimize database queries,high
Optimize database queries,high
Clean up temporary files,low
Implement new API endpoint,high
Update user profile page,low
Optimize database queries,high
Implement new API endpoint,high
Update user profile page,low
Refactor old code,low
Optimize database queries,high
Optimize database queries,high
Optimize database queries,high
Fix login bug on website,high
Write unit tests for API,high
Update user profile page,low
Write unit tests for API,high
Refactor old code,low
Optimize database queries,high
Clean up temporary files,low
Write unit tests for API,high
Refactor old code,low
Fix login bug on website,high
Update documentation,low
Fix login bug on website,high
Update documentation,low
Update user profile page,low
Refactor old code,low
Update user profile page,low
Optimize database queries,high
Update user profile page,low
Implement new API endpoint,high
Update user profile page,low
Optimize database queries,high
Implement new API endpoint,high
Optimize database queries,high
Refactor old code,low
Clean up temporary files,low
Refactor old code,low
Optimize database queries,high
Update user profile page,low
Update documentation,low
Fix login bug on website,high
Optimize database queries,high
Write unit tests for API,high
Update documentation,low
Implement new API endpoint,high
Update documentation,low
Clean up temporary files,low
Optimize database queries,high
Write unit tests for API,high
Fix login bug on website,high
Fix login bug on website,high
Optimize database queries,high
Clean up temporary files,low
Update user profile page,low
Refactor old code,low
Implement new API endpoint,high
Update user profile page,low
Optimize database queries,high
Fix login bug on website,high
Fix login bug on website,high
Clean up temporary files,low
Update documentation,low
Update documentation,low
Clean up temporary files,low
Update documentation,low
Optimize database queries,high
Refactor old code,low
Update user profile page,low
Write unit tests for API,high
Fix login bug on website,high
Clean up temporary files,low
Clean up temporary files,low
Update user profile page,low
Write unit tests for API,high
Clean up temporary files,low
Fix login bug on website,high
Update documentation,low
Clean up temporary files,low
Refactor old code,low
Refactor old code,low
Clean up temporary files,low
Clean up temporary files,low
Update user profile page,low
Update user profile page,low
Fix login bug on website,high
Update documentation,low
Clean up temporary files,low
Implement new API endpoint,high
Refactor old code,low
Implement new API endpoint,high
Clean up temporary files,low
Optimize database queries,high
Update user profile page,low
Optimize database queries,high
Update user profile page,low
Update user profile page,low
Optimize database queries,high
Optimize database queries,high
Implement new API endpoint,high
Optimize database queries,high
Optimize database queries,high
Fix login bug on website,high
Optimize database queries,high
Update documentation,low
Clean up temporary files,low
Implement new API endpoint,high
Update documentation,low
Clean up temporary files,low
Update user profile page,low
Implement new API endpoint,high
Optimize database queries,high
Fix login bug on website,high
Write unit tests for API,high
Implement new API endpoint,high
Update user profile page,low
Clean up temporary files,low
Update documentation,low
Implement new API endpoint,high
Fix login bug on website,high
Implement new API endpoint,high
Optimize database queries,high
Write unit tests for API,high
Implement new API endpoint,high
Write unit tests for API,high
Write unit tests for API,high
Update user profile page,low
Clean up temporary files,low
Update documentation,low
Implement new API endpoint,high
Update user profile page,low
Clean up temporary files,low
Clean up temporary files,low
Optimize database queries,high
Update user profile page,low
Refactor old code,low
Fix login bug on website,high
Update documentation,low
Write unit tests for API,high
Write unit tests for API,high
Clean up temporary files,low
Clean up temporary files,low
Fix login bug on website,high
Implement new API endpoint,high
Optimize database queries,high
Implement new API endpoint,high
Optimize database queries,high
Implement new API endpoint,high
Update user profile page,low
Update user profile page,low
Implement new API endpoint,high
Refactor old code,low
Implement new API endpoint,high
Optimize database queries,high
Clean up temporary files,low
Optimize database queries,high
Fix login bug on website,high
Fix login bug on website,high
Refactor old code,low
Fix login bug on website,high
Update user profile page,low
Update user profile page,low
Refactor old code,low
Fix login bug on website,high
Write unit tests for API,high
Write unit tests for API,high
Write unit tests for API,high
Refactor old code,low
Implement new API endpoint,high
Write unit tests for API,high
Update user profile page,low
Optimize database queries,high
Clean up temporary files,low
Refactor old code,low
Optimize database queries,high
Write unit tests for API,high
Optimize database queries,high
Implement new API endpoint,high
Refactor old code,low
Update documentation,low
Fix login bug on website,high
Fix login bug on website,high
Clean up temporary files,low
Write unit tests for API,high
Write unit tests for API,high
Clean up temporary files,low
Refactor old code,low
Fix login bug on website,high
Refactor old code,low
Refactor old code,low
Update user profile page,low
Write unit tests for API,high
Implement new API endpoint,high
Implement new API endpoint,high
Implement new API endpoint,high
Update documentation,low
Update user profile page,low
Update user profile page,low
Implement new API endpoint,high
Fix login bug on website,high
Implement new API endpoint,high
Implement new API endpoint,high
Refactor old code,low
Optimize database queries,high
Clean up temporary files,low
Refactor old code,low
Update user profile page,low
Clean up temporary files,low
Implement new API endpoint,high
Update documentation,low
Clean up temporary files,low
Write unit tests for API,high
Write unit tests for API,high
Fix login bug on website,high
Refactor old code,low
Clean up temporary files,low
Write unit tests for API,high
Implement new API endpoint,high
Fix login bug on website,high
Implement new API endpoint,high
Refactor old code,low
Clean up temporary files,low
Update documentation,low
Fix login bug on website,high
Update documentation,low
Clean up temporary files,low
Write unit tests for API,high
Write unit tests for API,high
Optimize database queries,high
Refactor old code,low
Implement new API endpoint,high
Implement new API endpoint,high
Optimize database queries,high
Implement new API endpoint,high
Fix login bug on website,high
Update user profile page,low
Refactor old code,low
Update documentation,low
Fix login bug on website,high
Optimize database queries,high
Update user profile page,low
Optimize database queries,high
Fix login bug on website,high
Write unit tests for API,high
Clean up temporary files,low
Update documentation,low
Implement new API endpoint,high
Write unit tests for API,high
Optimize database queries,high
Update user profile page,low
Write unit tests for API,high
Update documentation,low
Write unit tests for API,high
Update documentation,low
Update user profile page,low
Implement new API endpoint,high
Optimize database queries,high
Refactor old code,low
Refactor old code,low
Optimize database queries,high
Clean up temporary files,low
Update documentation,low
Write unit tests for API,high
Clean up temporary files,low
Optimize database queries,high
Update user profile page,low
Implement new API endpoint,high
Update user profile page,low
Fix login bug on website,high
Clean up temporary files,low
Write unit tests for API,high
Fix login bug on website,high
Refactor old code,low
Clean up temporary files,low
Clean up temporary files,low
Clean up temporary files,low
Fix login bug on website,high
Implement new API endpoint,high
Refactor old code,low
Write unit tests for API,high
Clean up temporary files,low
Write unit tests for API,high
Update documentation,low
Clean up temporary files,low
Fix login bug on website,high
Implement new API endpoint,high
Fix login bug on website,high
Update user profile page,low
Fix login bug on website,high
Implement new API endpoint,high
Update documentation,low
Update user profile page,low
Clean up temporary files,low
Clean up temporary files,low
Optimize database queries,high
Implement new API endpoint,high
Update user profile page,low
Clean up temporary files,low
Fix login bug on website,high
Clean up temporary files,low
Clean up temporary files,low
Refactor old code,low
Update user profile page,low
Optimize database queries,high
Fix login bug on website,high
Optimize database queries,high
Optimize database queries,high
Update documentation,low
Implement new API endpoint,high
Fix login bug on website,high
Clean up temporary files,low
Implement new API endpoint,high
Update documentation,low
Write unit tests for API,high
Refactor old code,low
Write unit tests for API,high
Implement new API endpoint,high
Update documentation,low
Clean up temporary files,low
Write unit tests for API,high
Refactor old code,low
Update documentation,low
Optimize database queries,high
Update documentation,low
Implement new API endpoint,high
Implement new API endpoint,high
Optimize database queries,high
Update user profile page,low
Refactor old code,low
Update documentation,low
Write unit tests for API,high
Update user profile page,low
Optimize database queries,high
Refactor old code,low
Write unit tests for API,high
Refactor old code,low
Refactor old code,low
Refactor old code,low
Refactor old code,low
Fix login bug on website,high
Write unit tests for API,high
Update documentation,low
Update user profile page,low
Update documentation,low
Implement new API endpoint,high
Write unit tests for API,high
Clean up temporary files,low
Fix login bug on website,high
Fix login bug on website,high
Clean up temporary files,low
Optimize database queries,high
Update documentation,low
Clean up temporary files,low
Implement new API endpoint,high
Clean up temporary files,low
Clean up temporary files,low
Write unit tests for API,high
Update documentation,low
Fix login bug on website,high
Write unit tests for API,high
Clean up temporary files,low
Refactor old code,low
Update user profile page,low
Implement new API endpoint,high
Fix login bug on website,high
Fix login bug on website,high
Update documentation,low
Write unit tests for API,high
Fix login bug on website,high
Write unit tests for API,high
Update documentation,low
Fix login bug on website,high
Update documentation,low
Implement new API endpoint,high
Write unit tests for API,high
Optimize database queries,high
Fix login bug on website,high
Implement new API endpoint,high
Update user profile page,low
Optimize database queries,high
Refactor old code,low
Implement new API endpoint,high
Write unit tests for API,high
Refactor old code,low
Optimize database queries,high
Update user profile page,low
Optimize database queries,high
Fix login bug on website,high
Optimize database queries,high
Update documentation,low
Update user profile page,low
Clean up temporary files,low
Refactor old code,low
Update user profile page,low
Clean up temporary files,low
Fix login bug on website,high
Fix login bug on website,high
Implement new API endpoint,high
Optimize database queries,high
Refactor old code,low
Refactor old code,low
Update documentation,low
Write unit tests for API,high
Write unit tests for API,high
Fix login bug on website,high
Write unit tests for API,high
Optimize database queries,high
Optimize database queries,high
Implement new API endpoint,high
Write unit tests for API,high
Implement new API endpoint,high
Optimize database queries,high
Implement new API endpoint,high
Update documentation,low
Fix login bug on website,high
Implement new API endpoint,high
Fix login bug on website,high
Clean up temporary files,low
Fix login bug on website,high
Clean up temporary files,low
Refactor old code,low
Optimize database queries,high
Update documentation,low
Write unit tests for API,high
Clean up temporary files,low
Implement new API endpoint,high
Clean up temporary files,low
Optimize database queries,high
Refactor old code,low
Update user profile page,low
Fix login bug on website,high
Clean up temporary files,low
Refactor old code,low
Refactor old code,low
Update documentation,low
Write unit tests for API,high
Clean up temporary files,low
Update documentation,low
Update documentation,low
Update user profile page,low
Update documentation,low
Fix login bug on website,high
Implement new API endpoint,high
Fix login bug on website,high
Update documentation,low
Refactor old code,low
Clean up temporary files,low
Update documentation,low
Refactor old code,low
Clean up temporary files,low
Update user profile page,low
Update documentation,low
Optimize database queries,high
Refactor old code,low
Update documentation,low
Optimize database queries,high
Update user profile page,low
Clean up temporary files,low
Optimize database queries,high
Clean up temporary files,low
Fix login bug on website,high
Refactor old code,low
Clean up temporary files,low
Write unit tests for API,high
Update user profile page,low
Fix login bug on website,high
Write unit tests for API,high
Implement new API endpoint,high
Clean up temporary files,low
Refactor old code,low
Update documentation,low
Update documentation,low
Refactor old code,low
Clean up temporary files,low
Write unit tests for API,high
Write unit tests for API,high
Update documentation,low
Fix login bug on website,high
Refactor old code,low
Optimize database queries,high
Write unit tests for API,high
Fix login bug on website,high
Clean up temporary files,low
Update documentation,low
Update user profile page,low
Write unit tests for API,high
Write unit tests for API,high
Write unit tests for API,high
Update documentation,low
Optimize database queries,high
Clean up temporary files,low
Optimize database queries,high
Clean up temporary files,low
Update user profile page,low
Write unit tests for API,high
Clean up temporary files,low
Refactor old code,low
Fix login bug on website,high
Implement new API endpoint,high
Clean up temporary files,low
Refactor old code,low
Write unit tests for API,high
Implement new API endpoint,high
Implement new API endpoint,high
Refactor old code,low
Refactor old code,low
Update user profile page,low
Refactor old code,low
Refactor old code,low
Implement new API endpoint,high
Clean up temporary files,low
Fix login bug on website,high
Refactor old code,low
Fix login bug on website,high
Implement new API endpoint,high
Refactor old code,low
Write unit tests for API,high
Refactor old code,low
